graphNo, Vertex-Num, radius, diameter, entropy
0, 7, 1, 2, 2.78337
1, 7, 2, 3, 2.77752
2, 7, 2, 4, 2.7755
3, 7, 2, 3, 2.77979
4, 7, 2, 4, 2.77948
5, 7, 2, 4, 2.77399
6, 7, 3, 5, 2.77632
7, 7, 3, 5, 2.77331
8, 7, 2, 4, 2.77612
9, 7, 2, 4, 2.77196
10, 7, 3, 6, 2.77424
