graphNo, Vertex-Num, radius, diameter, entropy
0, 6, 1, 2, 2.55873
1, 6, 2, 3, 2.55401
2, 6, 2, 4, 2.55373
3, 6, 2, 3, 2.55595
4, 6, 2, 4, 2.55137
5, 6, 3, 5, 2.55253
